{
  "id": "/subscriptions/c033660e-bb00-4e71-bf45-822c9116ae3c/resourceGroups/sibeeshresources/providers/Microsoft.Resources/deployments/chatbotnewone-bot_node_qnav4_sdk_89a",
  "name": "chatbotnewone-bot_node_qnav4_sdk_89a",
  "type": "Microsoft.Resources/deployments",
  "tags": {
    "primaryResourceId": "/subscriptions/c033660e-bb00-4e71-bf45-822c9116ae3c/resourcegroups/sibeeshresources/providers/Microsoft.BotService/botServices/chatbotnewone-bot",
    "marketplaceItemId": "Microsoft.BotServiceSdkGalleryPackage"
  },
  "properties": {
    "templateHash": "2930759555142523462",
    "parameters": {
      "botEnv": {
        "type": "String",
        "value": "prod"
      },
      "botId": {
        "type": "String",
        "value": "chatbotnewone-bot"
      },
      "location": {
        "type": "String",
        "value": "Southeast Asia"
      },
      "sku": {
        "type": "String",
        "value": "S1"
      },
      "kind": {
        "type": "String",
        "value": "sdk"
      },
      "siteName": {
        "type": "String",
        "value": "chatbotnewone-bot-9eb8"
      },
      "createNewStorage": {
        "type": "Bool",
        "value": true
      },
      "storageAccountName": {
        "type": "String",
        "value": "chatbotnewonebot9eb8"
      },
      "storageAccountLocation": {
        "type": "String",
        "value": ""
      },
      "storageAccountResourceId": {
        "type": "String",
        "value": ""
      },
      "appId": {
        "type": "String",
        "value": "55e1d794-5588-44e8-af28-a16957501631"
      },
      "appSecret": {
        "type": "String",
        "value": "pw?N6YyCxcp)&lSx*lDDitJcEqqu0"
      },
      "azureWebJobsBotFrameworkDirectLineSecret": {
        "type": "String",
        "value": ""
      },
      "zipUrl": {
        "type": "String",
        "value": "https://bot-framework.azureedge.net/static/278030-129d93a2d0/bot-packages/v1.3.27-276817/node.js-abs-webapp-v4_qnabot.zip"
      },
      "proactiveZipUrl": {
        "type": "String",
        "value": ""
      },
      "useAppInsights": {
        "type": "Bool",
        "value": true
      },
      "appInsightsLocation": {
        "type": "String",
        "value": "Southeast Asia"
      },
      "serverFarmId": {
        "type": "String",
        "value": "/subscriptions/c033660e-bb00-4e71-bf45-822c9116ae3c/resourceGroups/sibeeshresources/providers/Microsoft.Web/serverfarms/ChatBotNewOne"
      },
      "createServerFarm": {
        "type": "Bool",
        "value": false
      },
      "serverFarmLocation": {
        "type": "String",
        "value": "Southeast Asia"
      },
      "serverFarmSku": {
        "type": "Object",
        "value": {
          "name": "S1",
          "tier": "Standard",
          "size": "S1",
          "family": "S",
          "capacity": 1
        }
      },
      "endpoint": {
        "type": "String",
        "value": ""
      },
      "luisApiLocation": {
        "type": "String",
        "value": "Global"
      },
      "botQueueName": {
        "type": "String",
        "value": "bot-queue"
      }
    },
    "mode": "Incremental",
    "debugSetting": {
      "detailLevel": "None"
    },
    "provisioningState": "Succeeded",
    "timestamp": "2021-12-27T10:55:51.406589Z",
    "duration": "PT3M31.4123116S",
    "correlationId": "254893a3-1a06-48a8-88cd-a5317dab6e91",
    "providers": [
      {
        "namespace": "microsoft.insights",
        "resourceTypes": [
          {
            "resourceType": "components",
            "locations": [
              "southeastasia"
            ]
          }
        ]
      },
      {
        "namespace": "Microsoft.Web",
        "resourceTypes": [
          {
            "resourceType": "sites",
            "locations": [
              "southeastasia"
            ]
          },
          {
            "resourceType": "sites/Extensions",
            "locations": [
              null
            ]
          }
        ]
      },
      {
        "namespace": "Microsoft.BotService",
        "resourceTypes": [
          {
            "resourceType": "botServices",
            "locations": [
              "global"
            ]
          }
        ]
      }
    ],
    "dependencies": [
      {
        "dependsOn": [
          {
            "id": "/subscriptions/c033660e-bb00-4e71-bf45-822c9116ae3c/resourceGroups/sibeeshresources/providers/Microsoft.Web/sites/chatbotnewone-bot-9eb8",
            "resourceType": "Microsoft.Web/sites",
            "resourceName": "chatbotnewone-bot-9eb8"
          }
        ],
        "id": "/subscriptions/c033660e-bb00-4e71-bf45-822c9116ae3c/resourceGroups/sibeeshresources/providers/Microsoft.Web/sites/chatbotnewone-bot-9eb8/Extensions/MSDeploy",
        "resourceType": "Microsoft.Web/sites/Extensions",
        "resourceName": "chatbotnewone-bot-9eb8/MSDeploy"
      },
      {
        "dependsOn": [
          {
            "id": "/subscriptions/c033660e-bb00-4e71-bf45-822c9116ae3c/resourceGroups/sibeeshresources/providers/Microsoft.Web/sites/chatbotnewone-bot-9eb8",
            "resourceType": "Microsoft.Web/sites",
            "resourceName": "chatbotnewone-bot-9eb8"
          },
          {
            "id": "/subscriptions/c033660e-bb00-4e71-bf45-822c9116ae3c/resourceGroups/sibeeshresources/providers/Microsoft.Web/sites/chatbotnewone-bot-9eb8/Extensions/MSDeploy",
            "resourceType": "Microsoft.Web/sites/Extensions",
            "resourceName": "chatbotnewone-bot-9eb8/MSDeploy"
          },
          {
            "id": "/subscriptions/c033660e-bb00-4e71-bf45-822c9116ae3c/resourceGroups/sibeeshresources/providers/microsoft.insights/components/chatbotnewone-botyki4ex",
            "resourceType": "microsoft.insights/components",
            "resourceName": "chatbotnewone-botyki4ex"
          },
          {
            "id": "/subscriptions/c033660e-bb00-4e71-bf45-822c9116ae3c/resourceGroups/sibeeshresources/providers/microsoft.insights/components/chatbotnewone-botyki4ex",
            "resourceType": "microsoft.insights/components",
            "resourceName": "chatbotnewone-botyki4ex",
            "apiVersion": "2015-05-01"
          }
        ],
        "id": "/subscriptions/c033660e-bb00-4e71-bf45-822c9116ae3c/resourceGroups/sibeeshresources/providers/Microsoft.BotService/botServices/chatbotnewone-bot",
        "resourceType": "Microsoft.BotService/botServices",
        "resourceName": "chatbotnewone-bot"
      }
    ],
    "outputResources": [
      {
        "id": "/subscriptions/c033660e-bb00-4e71-bf45-822c9116ae3c/resourceGroups/sibeeshresources/providers/Microsoft.BotService/botServices/chatbotnewone-bot"
      },
      {
        "id": "/subscriptions/c033660e-bb00-4e71-bf45-822c9116ae3c/resourceGroups/sibeeshresources/providers/microsoft.insights/components/chatbotnewone-botyki4ex"
      },
      {
        "id": "/subscriptions/c033660e-bb00-4e71-bf45-822c9116ae3c/resourceGroups/sibeeshresources/providers/Microsoft.Web/sites/chatbotnewone-bot-9eb8"
      },
      {
        "id": "/subscriptions/c033660e-bb00-4e71-bf45-822c9116ae3c/resourceGroups/sibeeshresources/providers/Microsoft.Web/sites/chatbotnewone-bot-9eb8/Extensions/MSDeploy"
      }
    ],
    "validationLevel": "Template"
  }
}