[
  {
    "id": "/subscriptions/c033660e-bb00-4e71-bf45-822c9116ae3c/resourceGroups/sibeeshresources/providers/Microsoft.Resources/deployments/chatbotnewone-bot_node_qnav4_sdk_89a/operations/5947F857B2F671F1",
    "operationId": "5947F857B2F671F1",
    "properties": {
      "provisioningOperation": "Create",
      "provisioningState": "Succeeded",
      "timestamp": "2021-12-27T10:55:49.849852Z",
      "duration": "PT11.3453751S",
      "trackingId": "c6030e39-580c-4f23-8b74-9c969740ba98",
      "serviceRequestId": "46ccb298-35ef-44f8-807d-943db35ac083",
      "statusCode": "Created",
      "targetResource": {
        "id": "/subscriptions/c033660e-bb00-4e71-bf45-822c9116ae3c/resourceGroups/sibeeshresources/providers/Microsoft.BotService/botServices/chatbotnewone-bot",
        "resourceType": "Microsoft.BotService/botServices",
        "resourceName": "chatbotnewone-bot"
      }
    }
  },
  {
    "id": "/subscriptions/c033660e-bb00-4e71-bf45-822c9116ae3c/resourceGroups/sibeeshresources/providers/Microsoft.Resources/deployments/chatbotnewone-bot_node_qnav4_sdk_89a/operations/9F8D0013B2C7DE75",
    "operationId": "9F8D0013B2C7DE75",
    "properties": {
      "provisioningOperation": "Create",
      "provisioningState": "Succeeded",
      "timestamp": "2021-12-27T10:55:37.8832977Z",
      "duration": "PT3M15.9383854S",
      "trackingId": "9a180100-ffee-4786-aada-3a068e2f282c",
      "serviceRequestId": "6c79610b-d2f7-4a73-8740-210e7163f538",
      "statusCode": "OK",
      "targetResource": {
        "id": "/subscriptions/c033660e-bb00-4e71-bf45-822c9116ae3c/resourceGroups/sibeeshresources/providers/Microsoft.Web/sites/chatbotnewone-bot-9eb8/Extensions/MSDeploy",
        "resourceType": "Microsoft.Web/sites/Extensions",
        "resourceName": "chatbotnewone-bot-9eb8/MSDeploy"
      }
    }
  },
  {
    "id": "/subscriptions/c033660e-bb00-4e71-bf45-822c9116ae3c/resourceGroups/sibeeshresources/providers/Microsoft.Resources/deployments/chatbotnewone-bot_node_qnav4_sdk_89a/operations/37BDE494C5E786A1",
    "operationId": "37BDE494C5E786A1",
    "properties": {
      "provisioningOperation": "Create",
      "provisioningState": "Succeeded",
      "timestamp": "2021-12-27T10:52:49.5390497Z",
      "duration": "PT27.5941374S",
      "trackingId": "795950a4-8807-47fe-b03e-645004c6c5dc",
      "serviceRequestId": "467862e5-a35a-40ce-aa4c-917080843867",
      "statusCode": "OK",
      "targetResource": {
        "id": "/subscriptions/c033660e-bb00-4e71-bf45-822c9116ae3c/resourceGroups/sibeeshresources/providers/Microsoft.Web/sites/chatbotnewone-bot-9eb8",
        "resourceType": "Microsoft.Web/sites",
        "resourceName": "chatbotnewone-bot-9eb8"
      }
    }
  },
  {
    "id": "/subscriptions/c033660e-bb00-4e71-bf45-822c9116ae3c/resourceGroups/sibeeshresources/providers/Microsoft.Resources/deployments/chatbotnewone-bot_node_qnav4_sdk_89a/operations/5467093CA47B74E6",
    "operationId": "5467093CA47B74E6",
    "properties": {
      "provisioningOperation": "Read",
      "provisioningState": "Succeeded",
      "timestamp": "2021-12-27T10:52:32.6147993Z",
      "duration": "PT10.669887S",
      "trackingId": "0348b911-c7c5-43c7-8f6e-ccb0861b482a",
      "statusCode": "OK",
      "targetResource": {
        "id": "/subscriptions/c033660e-bb00-4e71-bf45-822c9116ae3c/resourceGroups/sibeeshresources/providers/microsoft.insights/components/chatbotnewone-botyki4ex",
        "resourceType": "microsoft.insights/components",
        "resourceName": "chatbotnewone-botyki4ex",
        "apiVersion": "2015-05-01"
      }
    }
  },
  {
    "id": "/subscriptions/c033660e-bb00-4e71-bf45-822c9116ae3c/resourceGroups/sibeeshresources/providers/Microsoft.Resources/deployments/chatbotnewone-bot_node_qnav4_sdk_89a/operations/0C4C0F6E53101841",
    "operationId": "0C4C0F6E53101841",
    "properties": {
      "provisioningOperation": "Create",
      "provisioningState": "Succeeded",
      "timestamp": "2021-12-27T10:52:31.4732926Z",
      "duration": "PT9.5283803S",
      "trackingId": "37c0a3f6-925b-49cf-9791-b696133190a8",
      "serviceRequestId": "af3ace0a-6e1b-490e-825d-7beaeea4ab00",
      "statusCode": "OK",
      "targetResource": {
        "id": "/subscriptions/c033660e-bb00-4e71-bf45-822c9116ae3c/resourceGroups/sibeeshresources/providers/microsoft.insights/components/chatbotnewone-botyki4ex",
        "resourceType": "microsoft.insights/components",
        "resourceName": "chatbotnewone-botyki4ex"
      }
    }
  },
  {
    "id": "/subscriptions/c033660e-bb00-4e71-bf45-822c9116ae3c/resourceGroups/sibeeshresources/providers/Microsoft.Resources/deployments/chatbotnewone-bot_node_qnav4_sdk_89a/operations/08585610045460036233",
    "operationId": "08585610045460036233",
    "properties": {
      "provisioningOperation": "EvaluateDeploymentOutput",
      "provisioningState": "Succeeded",
      "timestamp": "2021-12-27T10:55:51.106309Z",
      "duration": "PT0.8443484S",
      "trackingId": "0cbbd708-b400-4eb6-9e43-388eb175acd3",
      "statusCode": "OK"
    }
  }
]